blindId,symbol,side,confirmedAtUtc,confirmedAtUtc8,displayStartIndex,displayEndIndex,candleCount,futureBars,svgPath,svgSha256,reviewer_significance,reviewer_confidence,reviewer_primaryReason,reviewer_notes
BLIND-001,BTCUSDT,LOW,2026-07-04T00:09:59.999Z,2026-07-04 08:09,217,301,85,0,manual-review/BLIND-001.svg,df9b675d1564cb19d7cb925672769b3c0df8c85483c93c8a6b36dc1e6e0c3640,,,,
BLIND-002,BTCUSDT,HIGH,2026-07-04T18:34:59.999Z,2026-07-05 02:34,442,522,81,0,manual-review/BLIND-002.svg,e814696aca69aae507808f6c23cdcf9e66d78eef1d70b122befbdd62e4bc802b,,,,
BLIND-003,BTCUSDT,LOW,2026-07-04T19:24:59.999Z,2026-07-05 03:24,454,532,79,0,manual-review/BLIND-003.svg,d8ee248b017a2716af77ebc5ad264a4b9d09d1685976566fb94eac51f111bf88,,,,
BLIND-004,BTCUSDT,HIGH,2026-07-05T23:24:59.999Z,2026-07-06 07:24,795,868,74,0,manual-review/BLIND-004.svg,25e9035b700767b82d0f3874e9a7aabf3fce0d33ecb20e7c49afe56106695ea7,,,,
BLIND-005,BTCUSDT,LOW,2026-07-06T12:34:59.999Z,2026-07-06 20:34,949,1026,78,0,manual-review/BLIND-005.svg,fd965be505bcfdc476e9263b006d14cff7a0f14b331e25ad3eeb6e45fdfeb391,,,,
BLIND-006,BTCUSDT,LOW,2026-07-08T22:29:59.999Z,2026-07-09 06:29,1634,1721,88,0,manual-review/BLIND-006.svg,ddc9fa8f614cc3cbb340e6fd70a2f7bb884b2ef48714eaa2219090db2c9f180e,,,,
BLIND-007,BTCUSDT,HIGH,2026-07-09T09:44:59.999Z,2026-07-09 17:44,1761,1856,96,0,manual-review/BLIND-007.svg,a1cf7cbf337a72714623a9b3e7c66ba1803e058969f1a0b2d88645946d4d50ba,,,,
BLIND-008,BTCUSDT,HIGH,2026-07-10T06:29:59.999Z,2026-07-10 14:29,2024,2105,82,0,manual-review/BLIND-008.svg,9d98e18b898a6875ca129aee10fc665deff6b10a72dacca30ebede1ff8eedf8b,,,,
BLIND-009,BTCUSDT,HIGH,2026-07-10T12:59:59.999Z,2026-07-10 20:59,2102,2183,82,0,manual-review/BLIND-009.svg,2c8a9dbd354b4e463bf8a4780c6d8b35cb30fe3766af32276e586f3c3953cbea,,,,
BLIND-010,BTCUSDT,HIGH,2026-07-10T17:19:59.999Z,2026-07-11 01:19,2159,2235,77,0,manual-review/BLIND-010.svg,72344e93e12f3ac5d661ec943104de5ce81311052f77f9e87897466fe354b564,,,,
BLIND-011,BTCUSDT,HIGH,2026-07-11T01:59:59.999Z,2026-07-11 09:59,2260,2339,80,0,manual-review/BLIND-011.svg,76bd70edf13020625e3e62987a37b0e37363c0d2cd9199df809bae6fb8f7cbbd,,,,
BLIND-012,BTCUSDT,LOW,2026-07-14T02:49:59.999Z,2026-07-14 10:49,3137,3213,77,0,manual-review/BLIND-012.svg,2699024ac1cf718e82207d2f678398ba05fbcd50aa8be031b136282c98b467cd,,,,
BLIND-013,BTCUSDT,HIGH,2026-07-14T06:54:59.999Z,2026-07-14 14:54,3174,3262,89,0,manual-review/BLIND-013.svg,9deb6821fbbf241c8ec7dce97a3d5ac4961486ce79011ee373be180a317bfb41,,,,
BLIND-014,BTCUSDT,LOW,2026-07-16T08:34:59.999Z,2026-07-16 16:34,3783,3858,76,0,manual-review/BLIND-014.svg,13db3a833ee85f5b70a53fe29350e766cdd82e2984e278cda1685e33bdf9ea51,,,,
BLIND-015,BTCUSDT,HIGH,2026-07-17T19:09:59.999Z,2026-07-18 03:09,4197,4273,77,0,manual-review/BLIND-015.svg,b74cebfa7aa6bb687f66dd72fbe2273410a00aa878606fb99a21fe299537f4e7,,,,
BLIND-016,BTCUSDT,LOW,2026-07-21T19:39:59.999Z,2026-07-22 03:39,5337,5431,95,0,manual-review/BLIND-016.svg,f232bed5d3d285855cb37c3a85676710bac5b33b89dcaaba512689d4c5439b45,,,,
BLIND-017,BTCUSDT,LOW,2026-07-25T09:59:59.999Z,2026-07-25 17:59,6382,6467,86,0,manual-review/BLIND-017.svg,b1f4e27f90ec8a2a042da9af2bc6714e8732238b05dd3d8fce25fc60ccc5abdc,,,,
BLIND-018,BTCUSDT,HIGH,2026-07-26T20:19:59.999Z,2026-07-27 04:19,6762,6879,118,0,manual-review/BLIND-018.svg,853f73f3985002813e52ec91b4fd9c6ab941697b0524f11e27b23adeedd0a589,,,,
BLIND-019,BTCUSDT,LOW,2026-07-27T02:19:59.999Z,2026-07-27 10:19,6871,6951,81,0,manual-review/BLIND-019.svg,be6ec8c12669f2f5e6d56e53842514260a2da2be037cf565637b9bc30ff253a4,,,,
BLIND-020,BTCUSDT,HIGH,2026-07-27T07:34:59.999Z,2026-07-27 15:34,6925,7014,90,0,manual-review/BLIND-020.svg,070ee03618c8404c2248064817b4e1f3e2cd5c523df624ab22a4733bc77cbc6d,,,,
BLIND-021,BTCUSDT,LOW,2026-07-27T12:49:59.999Z,2026-07-27 20:49,7002,7077,76,0,manual-review/BLIND-021.svg,3c871cea7feed00e703ceee4842c3574b3a417bd7b6c5bc2ce8eafad1ecd350d,,,,
BLIND-022,BTCUSDT,LOW,2026-07-27T14:59:59.999Z,2026-07-27 22:59,7028,7103,76,0,manual-review/BLIND-022.svg,4721f15617af70d37057ac17b4dcebaffc27e82ba2baa07f9f7d9a461a81796c,,,,
BLIND-023,BTCUSDT,LOW,2026-07-27T19:34:59.999Z,2026-07-28 03:34,7076,7158,83,0,manual-review/BLIND-023.svg,b4d9fe4e03690d5490841a683121407aeb23d79c7476c4082857cc0cbf8f0146,,,,
BLIND-024,BTCUSDT,LOW,2026-07-31T10:44:59.999Z,2026-07-31 18:44,8125,8204,80,0,manual-review/BLIND-024.svg,dd72fd283251c3e2419ff92d3f1e4d5afbe5029fbec1c3d636322af1c418d7cc,,,,
BLIND-025,BTCUSDT,HIGH,2026-08-02T22:34:59.999Z,2026-08-03 06:34,8846,8922,77,0,manual-review/BLIND-025.svg,560280d0800fb4657e2a7322b0def294dafb2bc64ecc6ae75c8cfb92146d73d0,,,,
BLIND-026,BTCUSDT,HIGH,2026-08-03T10:49:59.999Z,2026-08-03 18:49,8987,9069,83,0,manual-review/BLIND-026.svg,87a8bd91494bef7a4c4bea1b133e9f0abd97dae48908971cb7f5f6e7e7531b81,,,,
BLIND-027,BTCUSDT,LOW,2026-08-04T04:34:59.999Z,2026-08-04 12:34,9195,9282,88,0,manual-review/BLIND-027.svg,a18b4d76a8179420f58eb657e7c66603a2a88d8dad2405e49cdeb3d162229867,,,,
BLIND-028,BTCUSDT,LOW,2026-08-04T20:39:59.999Z,2026-08-05 04:39,9399,9475,77,0,manual-review/BLIND-028.svg,0059d67a6ac4702309f4913de26d96acb12b1e3ee67757f9f131ad01b8601c28,,,,
BLIND-029,BTCUSDT,HIGH,2026-08-04T23:29:59.999Z,2026-08-05 07:29,9435,9509,75,0,manual-review/BLIND-029.svg,c40a32716eb27799607bc078d248ff11955d1c8e5100332bdea46c52d58fe99c,,,,
BLIND-030,BTCUSDT,HIGH,2026-08-06T15:54:59.999Z,2026-08-06 23:54,9914,9994,81,0,manual-review/BLIND-030.svg,32111447a184eafc677b2e83a34b4fbfae4605df0dae340b153f51adcc7e20c9,,,,
BLIND-031,BTCUSDT,LOW,2026-08-10T01:24:59.999Z,2026-08-10 09:24,10892,10972,81,0,manual-review/BLIND-031.svg,728bad57718991acfb39b90c4e14ee3eeab02f4101dd5719c692108f01e793a3,,,,
BLIND-032,BTCUSDT,HIGH,2026-08-13T15:29:59.999Z,2026-08-13 23:29,11923,12005,83,0,manual-review/BLIND-032.svg,e815e52b0627bcab39e232958d468042e1497b5c50b8f7952c1a168c9010307a,,,,
BLIND-033,BTCUSDT,HIGH,2026-08-14T17:59:59.999Z,2026-08-15 01:59,12244,12323,80,0,manual-review/BLIND-033.svg,2dc4be52e5b86446c606fd66838770ad49efe54b0ca3b3ae15a51c872e53f607,,,,
BLIND-034,BTCUSDT,LOW,2026-08-18T23:44:59.999Z,2026-08-19 07:44,13457,13544,88,0,manual-review/BLIND-034.svg,836c8d7ee372ca8a1ec2ae93cfb2119263c21fc596954329e4f45af4d0201277,,,,
BLIND-035,BTCUSDT,LOW,2026-08-24T02:14:59.999Z,2026-08-24 10:14,14940,15014,75,0,manual-review/BLIND-035.svg,40d859a138484b94e591f9bb7e2aadc2a376fecab89e92b6ce56077db14bd9c6,,,,
BLIND-036,BTCUSDT,LOW,2026-08-24T11:34:59.999Z,2026-08-24 19:34,15048,15126,79,0,manual-review/BLIND-036.svg,90a5dd69f5aafae59e8a597e9975d87a05802405613ff49626ded5ae209dbe61,,,,
BLIND-037,BTCUSDT,LOW,2026-08-24T16:19:59.999Z,2026-08-25 00:19,15107,15183,77,0,manual-review/BLIND-037.svg,f1d99de6b2939bbaca53083efd092c09ff9d5730f70432827f0ed6120c05bd5d,,,,
BLIND-038,BTCUSDT,LOW,2026-08-26T13:44:59.999Z,2026-08-26 21:44,15653,15728,76,0,manual-review/BLIND-038.svg,c645801ae1b1ae54d3b0a576e0c2f78634a912a02db72f7a057f5dc9bf1bb7ff,,,,
BLIND-039,BTCUSDT,LOW,2026-08-28T16:29:59.999Z,2026-08-29 00:29,16265,16337,73,0,manual-review/BLIND-039.svg,2455d378552f2a9a9353e8c2f58253e0d593354ef60471fae1f39884f5f521c0,,,,
BLIND-040,BTCUSDT,HIGH,2026-08-31T14:24:59.999Z,2026-08-31 22:24,17096,17176,81,0,manual-review/BLIND-040.svg,62b2e609d0b236ccb33283817583de46e3e5368c4bbc7b2118670167d01a6caa,,,,
